Workbook

Sheet X
A1: X1 | B1: X2 | C1: X3 | F1: v_0 | G1: theta | H1: g
A2: -1 | B2: -1 | C2: -1 | E2: min | F2: 0.5 | G2: 20 | H2: 9.5
A3: -1 | B3: -1 | C3: =-C2 -> 1 | E3: max | F3: 1.5 | G3: 45 | H3: 10
A4: -1 | B4: =-B2 -> 1 | C4: =-C3 -> -1
A5: -1 | B5: =-B3 -> 1 | C5: =-C4 -> 1
A6: =-A2 -> 1 | B6: =-B4 -> -1 | C6: =-C5 -> -1
A7: =-A3 -> 1 | B7: =-B5 -> -1 | C7: =-C6 -> 1
A8: =-A4 -> 1 | B8: =-B6 -> 1 | C8: =-C7 -> -1
A9: =-A5 -> 1 | B9: =-B7 -> 1 | C9: =-C8 -> 1

Sheet Model
A1: v_0 | B1: theta | C1: g | E1: y | G1: mean | H1: variance
A2: =if(X!A2<0,X!F$2,X!F$3) -> 0.5 | B2: =if(X!B2<0,X!G$2,X!G$3) -> 20 | C2: =if(X!C2<0,X!H$2,X!H$3) -> 9.5 | E2: =A2^2*sin(2*B2*pi()/180)/C2 -> 0.016915463 | G2: =average(E2:E9) -> 0.10537618 | H2: =var(E2:E9)*7/8 -> 0.0079802193
A3: =if(X!A3<0,X!F$2,X!F$3) -> 0.5 | B3: =if(X!B3<0,X!G$2,X!G$3) -> 20 | C3: =if(X!C3<0,X!H$2,X!H$3) -> 10 | E3: =A3^2*sin(2*B3*pi()/180)/C3 -> 0.01606969
A4: =if(X!A4<0,X!F$2,X!F$3) -> 0.5 | B4: =if(X!B4<0,X!G$2,X!G$3) -> 45 | C4: =if(X!C4<0,X!H$2,X!H$3) -> 9.5 | E4: =A4^2*sin(2*B4*pi()/180)/C4 -> 0.026315789
A5: =if(X!A5<0,X!F$2,X!F$3) -> 0.5 | B5: =if(X!B5<0,X!G$2,X!G$3) -> 45 | C5: =if(X!C5<0,X!H$2,X!H$3) -> 10 | E5: =A5^2*sin(2*B5*pi()/180)/C5 -> 0.025
A6: =if(X!A6<0,X!F$2,X!F$3) -> 1.5 | B6: =if(X!B6<0,X!G$2,X!G$3) -> 20 | C6: =if(X!C6<0,X!H$2,X!H$3) -> 9.5 | E6: =A6^2*sin(2*B6*pi()/180)/C6 -> 0.15223917
A7: =if(X!A7<0,X!F$2,X!F$3) -> 1.5 | B7: =if(X!B7<0,X!G$2,X!G$3) -> 20 | C7: =if(X!C7<0,X!H$2,X!H$3) -> 10 | E7: =A7^2*sin(2*B7*pi()/180)/C7 -> 0.14462721
A8: =if(X!A8<0,X!F$2,X!F$3) -> 1.5 | B8: =if(X!B8<0,X!G$2,X!G$3) -> 45 | C8: =if(X!C8<0,X!H$2,X!H$3) -> 9.5 | E8: =A8^2*sin(2*B8*pi()/180)/C8 -> 0.23684211
A9: =if(X!A9<0,X!F$2,X!F$3) -> 1.5 | B9: =if(X!B9<0,X!G$2,X!G$3) -> 45 | C9: =if(X!C9<0,X!H$2,X!H$3) -> 10 | E9: =A9^2*sin(2*B9*pi()/180)/C9 -> 0.225

Sheet MatrixModel
A1: a_0 | B1: a_v | C1: a_theta | D1: a_g | E1: a_v,theta
A2: =abs(B2) -> 1 | B2: =X!A2 -> -1 | C2: =X!B2 -> -1 | D2: =X!C2 -> -1 | E2: =B2*C2 -> 1
A3: =abs(B3) -> 1 | B3: =X!A3 -> -1 | C3: =X!B3 -> -1 | D3: =X!C3 -> 1 | E3: =B3*C3 -> 1
A4: =abs(B4) -> 1 | B4: =X!A4 -> -1 | C4: =X!B4 -> 1 | D4: =X!C4 -> -1 | E4: =B4*C4 -> -1
A5: =abs(B5) -> 1 | B5: =X!A5 -> -1 | C5: =X!B5 -> 1 | D5: =X!C5 -> 1 | E5: =B5*C5 -> -1
A6: =abs(B6) -> 1 | B6: =X!A6 -> 1 | C6: =X!B6 -> -1 | D6: =X!C6 -> -1 | E6: =B6*C6 -> -1
A7: =abs(B7) -> 1 | B7: =X!A7 -> 1 | C7: =X!B7 -> -1 | D7: =X!C7 -> 1 | E7: =B7*C7 -> -1
A8: =abs(B8) -> 1 | B8: =X!A8 -> 1 | C8: =X!B8 -> 1 | D8: =X!C8 -> -1 | E8: =B8*C8 -> 1
A9: =abs(B9) -> 1 | B9: =X!A9 -> 1 | C9: =X!B9 -> 1 | D9: =X!C9 -> 1 | E9: =B9*C9 -> 1

Sheet Coefficients
A1: a_0 | B1: a_v | C1: a_theta | D1: a_g | E1: a_v,theta
A2: {=transpose(mmult(transpose(MatrixModel!A2:E9),Model!E2:E9)/8)} -> 0.10537618 | B2: 0.084300943 | C2: 0.022913295 | D2: -0.0027019533 | E2: 0.018330636
A4: Partial variances | B4: =B2^2 -> 0.007106649 | C4: =C2^2 -> 0.00052501908 | D4: =D2^2 -> 7.3005517e-06 | E4: =E2^2 -> 0.00033601221
A5: Estimated total variance | B5: =sum(B4:E4) -> 0.0079749809
A6: % variance | B6: =B5/Model!H2 -> 0.99934357
A8: % partial variances | B8: =B4/Model!$H$2 -> 0.89053305 | C8: =C4/Model!$H$2 -> 0.065790056 | D8: =D4/Model!$H$2 -> 0.00091483096 | E8: =E4/Model!$H$2 -> 0.042105636
A10: T_v | B10: =B8+E8 -> 0.93263868
A11: T_theta | B11: =C8+E8 -> 0.10789569
A12: T_g | B12: =D8 -> 0.00091483096
