Workbook

Sheet U1
A1: u1 | B1: u2
A2: =rand() -> 0.089624855 | B2: =rand() -> 0.15671656
A3: =rand() -> 0.69909127 | B3: =rand() -> 0.18429733
A4: =rand() -> 0.98953653 | B4: =rand() -> 0.43214463
A5: =rand() -> 0.02946794 | B5: =rand() -> 0.13726258
A6: =rand() -> 0.093557556 | B6: =rand() -> 0.030685223
A7: =rand() -> 0.92069556 | B7: =rand() -> 0.57128882
A8: =rand() -> 0.89935422 | B8: =rand() -> 0.64454372
A9: =rand() -> 0.48098743 | B9: =rand() -> 0.2538121
A10: =rand() -> 0.26415738 | B10: =rand() -> 0.66252163
A11: =rand() -> 0.75419259 | B11: =rand() -> 0.042113553
A12: =rand() -> 0.79958639 | B12: =rand() -> 0.50425419
A13: =rand() -> 0.84590382 | B13: =rand() -> 0.98379323
... A101: =rand() -> 0.6962379 | B101: =rand() -> 0.62454483

Sheet Z12
A1: z1 | B1: z2 | D1: mean | E1: variance
A2: =norminv('U1'!A2,0,1) -> -1.3430688 | B2: =norminv('U1'!B2,0,1) -> -1.0080445 | D2: =average(A2:A101) -> 0.010166671 | E2: =var(A2:A101) -> 0.94819515
A3: =norminv('U1'!A3,0,1) -> 0.52178871 | B3: =norminv('U1'!B3,0,1) -> -0.8991089 | D3: =average(B2:B10) -> -0.52605417 | E3: =var(B2:B101) -> 1.0591313
A4: =norminv('U1'!A4,0,1) -> 2.3093 | B4: =norminv('U1'!B4,0,1) -> -0.17091672 | D4: Correlation coefficient
A5: =norminv('U1'!A5,0,1) -> -1.8886713 | B5: =norminv('U1'!B5,0,1) -> -1.0927009 | D5: =correl(A2:A101,B2:B101) -> 0.0053329322
A6: =norminv('U1'!A6,0,1) -> -1.3191615 | B6: =norminv('U1'!B6,0,1) -> -1.870817 | D6: Upper Cholesky
A7: =norminv('U1'!A7,0,1) -> 1.4097657 | B7: =norminv('U1'!B7,0,1) -> 0.17965635 | D7: =sqrt(2) -> 1.4142136 | E7: =sqrt(2)/2 -> 0.70710678
A8: =norminv('U1'!A8,0,1) -> 1.2778805 | B8: =norminv('U1'!B8,0,1) -> 0.37063077 | D8: 0 | E8: =SQRT(2)/2 -> 0.70710678
A9: =norminv('U1'!A9,0,1) -> -0.047675493 | B9: =norminv('U1'!B9,0,1) -> -0.66254158
A10: =norminv('U1'!A10,0,1) -> -0.63058065 | B10: =norminv('U1'!B10,0,1) -> 0.41935495
A11: =norminv('U1'!A11,0,1) -> 0.68774272 | B11: =norminv('U1'!B11,0,1) -> -1.7266691
A12: =norminv('U1'!A12,0,1) -> 0.84014476 | B12: =norminv('U1'!B12,0,1) -> 0.010663869
A13: =norminv('U1'!A13,0,1) -> 1.0190223 | B13: =norminv('U1'!B13,0,1) -> 2.1392734
A14: =norminv('U1'!A14,0,1) -> 0.10319299 | B14: =norminv('U1'!B14,0,1) -> 1.3542623
A15: =norminv('U1'!A15,0,1) -> -1.1026309 | B15: =norminv('U1'!B15,0,1) -> 1.9605465
A16: =norminv('U1'!A16,0,1) -> 0.047258975 | B16: =norminv('U1'!B16,0,1) -> 0.5914193
A17: =norminv('U1'!A17,0,1) -> 0.032934954 | B17: =norminv('U1'!B17,0,1) -> 0.70389067
A18: =norminv('U1'!A18,0,1) -> 0.77374179 | B18: =norminv('U1'!B18,0,1) -> -0.7360863
A19: =norminv('U1'!A19,0,1) -> -1.4356361 | B19: =norminv('U1'!B19,0,1) -> 0.50424543
A20: =norminv('U1'!A20,0,1) -> 1.2075175 | B20: =norminv('U1'!B20,0,1) -> -0.95164032
... A101: =norminv('U1'!A101,0,1) -> 0.51361069 | B101: =norminv('U1'!B101,0,1) -> 0.31743922

Sheet zc12
A1: zc1 | B1: zc2 | D1: mean | E1: variance
A2: {=mmult('Z12'!A2:B101,'Z12'!D7:E8)} -> -1.8993861 | B2: -1.6624881 | D2: =average(A2:A101) -> 0.014377844 | E2: =var(A2:A101) -> 1.8963903
A3: 0.73792067 | B3: -0.26680566 | D3: =average(B2:B10) -> -0.34922514 | E3: =var(B2:B101) -> 1.0090075
A4: 3.2658434 | B4: 1.5120653 | D4: Correlation Coefficient
A5: -2.6709846 | B5: -2.1081485 | D5: =correl(A2:A101,B2:B101) -> 0.68933066
A6: -1.8655761 | B6: -2.2556555
A7: 1.9937098 | B7: 1.1238911
A8: 1.807196 | B8: 1.1656735
A9: -0.067423329 | B9: -0.50219931
A10: -0.8917757 | B10: -0.14935912
A11: 0.97261509 | B11: -0.7346319
A12: 1.1881441 | B12: 0.60161255
A13: 1.4411152 | B13: 2.2332523
A14: 0.14593692 | B14: 1.0305765
A15: -1.5593556 | B15: 0.60663796
A16: 0.066834284 | B16: 0.45161374
A17: 0.046577059 | B17: 0.5210144
... A101: 0.72635521 | B101: 0.58764103

Sheet zc21
A1: zc2 | B1: zc1 | D1: mean | E1: variance
A2: ='zc12'!B2 -> -1.6624881 | B2: ='zc12'!A2 -> -1.8993861 | D2: =average(A2:A101) -> 0.011860541 | E2: =var(A2:A101) -> 1.0090075
A3: ='zc12'!B3 -> -0.26680566 | B3: ='zc12'!A3 -> 0.73792067 | D3: =average(B2:B10) -> 0.045502658 | E3: =var(B2:B101) -> 1.8963903
A4: ='zc12'!B4 -> 1.5120653 | B4: ='zc12'!A4 -> 3.2658434 | D4: Correlation coefficient
A5: ='zc12'!B5 -> -2.1081485 | B5: ='zc12'!A5 -> -2.6709846 | D5: =correl(A2:A101,B2:B101) -> 0.68933066
A6: ='zc12'!B6 -> -2.2556555 | B6: ='zc12'!A6 -> -1.8655761 | D6: Upper Cholesky
A7: ='zc12'!B7 -> 1.1238911 | B7: ='zc12'!A7 -> 1.9937098 | D7: 1 | E7: 1
A8: ='zc12'!B8 -> 1.1656735 | B8: ='zc12'!A8 -> 1.807196 | D8: 0 | E8: 1
A9: ='zc12'!B9 -> -0.50219931 | B9: ='zc12'!A9 -> -0.067423329
A10: ='zc12'!B10 -> -0.14935912 | B10: ='zc12'!A10 -> -0.8917757
A11: ='zc12'!B11 -> -0.7346319 | B11: ='zc12'!A11 -> 0.97261509
A12: ='zc12'!B12 -> 0.60161255 | B12: ='zc12'!A12 -> 1.1881441
A13: ='zc12'!B13 -> 2.2332523 | B13: ='zc12'!A13 -> 1.4411152
A14: ='zc12'!B14 -> 1.0305765 | B14: ='zc12'!A14 -> 0.14593692
A15: ='zc12'!B15 -> 0.60663796 | B15: ='zc12'!A15 -> -1.5593556
A16: ='zc12'!B16 -> 0.45161374 | B16: ='zc12'!A16 -> 0.066834284
A17: ='zc12'!B17 -> 0.5210144 | B17: ='zc12'!A17 -> 0.046577059
A18: ='zc12'!B18 -> 0.026626455 | B18: ='zc12'!A18 -> 1.0942361
A19: ='zc12'!B19 -> -0.65859264 | B19: ='zc12'!A19 -> -2.030296
A20: ='zc12'!B20 -> 0.18093247 | B20: ='zc12'!A20 -> 1.7076876
... A101: ='zc12'!B101 -> 0.58764103 | B101: ='zc12'!A101 -> 0.72635521

Sheet Z21
A1: z2 | B1: z1 | D1: mean | E1: variance
A2: {=mmult('zc21'!A2:B101,minverse('zc21'!D7:E8))} -> -1.6624881 | B2: -0.23689795 | D2: =average(A2:A101) -> 0.011860541 | E2: =var(A2:A101) -> 1.0090075
A3: -0.26680566 | B3: 1.0047263 | D3: =average(B2:B10) -> 0.3947278 | E3: =var(B2:B101) -> 0.99831894
A4: 1.5120653 | B4: 1.753778 | D4: Correlation Coefficient
A5: -2.1081485 | B5: -0.56283611 | D5: =correl(A2:A101,B2:B101) -> -0.055266415
A6: -2.2556555 | B6: 0.39007934
A7: 1.1238911 | B7: 0.86981868
A8: 1.1656735 | B8: 0.64152245
A9: -0.50219931 | B9: 0.43477598
A10: -0.14935912 | B10: -0.74241658
A11: -0.7346319 | B11: 1.707247
A12: 0.60161255 | B12: 0.58653156
A13: 2.2332523 | B13: -0.79213712
A14: 1.0305765 | B14: -0.8846396
A15: 0.60663796 | B15: -2.1659935
A16: 0.45161374 | B16: -0.38477946
A17: 0.5210144 | B17: -0.47443734
... A101: 0.58764103 | B101: 0.13871418
